-- YouLai_Boot Database (Oracle 12c and above)
-- Copyright (c) 2021-present, youlai.tech
-- Oracle 12c+ supports IDENTITY columns

-- ----------------------------
-- 1. Create User and Grant Privileges
-- Run as SYSDBA
-- ----------------------------
-- CREATE USER youlai IDENTIFIED BY "123456" DEFAULT TABLESPACE USERS TEMPORARY TABLESPACE TEMP;
-- GRANT CONNECT, RESOURCE, UNLIMITED TABLESPACE TO youlai;
-- GRANT CREATE SESSION, CREATE TABLE, CREATE SEQUENCE, CREATE TRIGGER, CREATE VIEW TO youlai;

-- ----------------------------
-- 2. Drop existing tables (reverse order for foreign key dependencies)
-- ----------------------------
BEGIN EXECUTE IMMEDIATE 'DROP TABLE ai_command_record CASCADE CONSTRAINTS'; EXCEPTION WHEN OTHERS THEN NULL; END;
/
BEGIN EXECUTE IMMEDIATE 'DROP TABLE sys_user_notice CASCADE CONSTRAINTS'; EXCEPTION WHEN OTHERS THEN NULL; END;
/
BEGIN EXECUTE IMMEDIATE 'DROP TABLE sys_notice CASCADE CONSTRAINTS'; EXCEPTION WHEN OTHERS THEN NULL; END;
/
BEGIN EXECUTE IMMEDIATE 'DROP TABLE sys_config CASCADE CONSTRAINTS'; EXCEPTION WHEN OTHERS THEN NULL; END;
/
BEGIN EXECUTE IMMEDIATE 'DROP TABLE gen_field_config CASCADE CONSTRAINTS'; EXCEPTION WHEN OTHERS THEN NULL; END;
/
BEGIN EXECUTE IMMEDIATE 'DROP TABLE gen_config CASCADE CONSTRAINTS'; EXCEPTION WHEN OTHERS THEN NULL; END;
/
BEGIN EXECUTE IMMEDIATE 'DROP TABLE sys_log CASCADE CONSTRAINTS'; EXCEPTION WHEN OTHERS THEN NULL; END;
/
BEGIN EXECUTE IMMEDIATE 'DROP TABLE sys_user_role CASCADE CONSTRAINTS'; EXCEPTION WHEN OTHERS THEN NULL; END;
/
BEGIN EXECUTE IMMEDIATE 'DROP TABLE sys_user CASCADE CONSTRAINTS'; EXCEPTION WHEN OTHERS THEN NULL; END;
/
BEGIN EXECUTE IMMEDIATE 'DROP TABLE sys_role_menu CASCADE CONSTRAINTS'; EXCEPTION WHEN OTHERS THEN NULL; END;
/
BEGIN EXECUTE IMMEDIATE 'DROP TABLE sys_role CASCADE CONSTRAINTS'; EXCEPTION WHEN OTHERS THEN NULL; END;
/
BEGIN EXECUTE IMMEDIATE 'DROP TABLE sys_menu CASCADE CONSTRAINTS'; EXCEPTION WHEN OTHERS THEN NULL; END;
/
BEGIN EXECUTE IMMEDIATE 'DROP TABLE sys_dict_item CASCADE CONSTRAINTS'; EXCEPTION WHEN OTHERS THEN NULL; END;
/
BEGIN EXECUTE IMMEDIATE 'DROP TABLE sys_dict CASCADE CONSTRAINTS'; EXCEPTION WHEN OTHERS THEN NULL; END;
/
BEGIN EXECUTE IMMEDIATE 'DROP TABLE sys_dept CASCADE CONSTRAINTS'; EXCEPTION WHEN OTHERS THEN NULL; END;
/

-- ----------------------------
-- Table structure for sys_dept
-- ----------------------------
CREATE TABLE sys_dept (
    id NUMBER(19) GENERATED BY DEFAULT AS IDENTITY PRIMARY KEY,
    name VARCHAR2(100) NOT NULL,
    code VARCHAR2(100) NOT NULL,
    parent_id NUMBER(19) DEFAULT 0,
    tree_path VARCHAR2(255) NOT NULL,
    sort NUMBER(5) DEFAULT 0,
    status NUMBER(3) DEFAULT 1,
    create_by NUMBER(19),
    create_time TIMESTAMP,
    update_by NUMBER(19),
    update_time TIMESTAMP,
    is_deleted NUMBER(3) DEFAULT 0,
    CONSTRAINT uk_sys_dept_code UNIQUE (code)
);

COMMENT ON TABLE sys_dept IS 'Department Table';
COMMENT ON COLUMN sys_dept.id IS 'Primary Key';
COMMENT ON COLUMN sys_dept.name IS 'Department Name';
COMMENT ON COLUMN sys_dept.code IS 'Department Code';
COMMENT ON COLUMN sys_dept.parent_id IS 'Parent Node ID';
COMMENT ON COLUMN sys_dept.tree_path IS 'Parent Node ID Path';
COMMENT ON COLUMN sys_dept.sort IS 'Display Order';
COMMENT ON COLUMN sys_dept.status IS 'Status (1-Normal 0-Disabled)';
COMMENT ON COLUMN sys_dept.create_by IS 'Creator ID';
COMMENT ON COLUMN sys_dept.create_time IS 'Creation Time';
COMMENT ON COLUMN sys_dept.update_by IS 'Modifier ID';
COMMENT ON COLUMN sys_dept.update_time IS 'Modification Time';
COMMENT ON COLUMN sys_dept.is_deleted IS 'Logical Delete Flag (1-Deleted 0-Not Deleted)';

-- ----------------------------
-- Records of sys_dept
-- ----------------------------
INSERT INTO sys_dept (id, name, code, parent_id, tree_path, sort, status, create_by, create_time, update_by, update_time, is_deleted) VALUES (1, 'Youlai Tech', 'YOULAI', 0, '0', 1, 1, 1, NULL, 1, SYSDATE, 0);
INSERT INTO sys_dept (id, name, code, parent_id, tree_path, sort, status, create_by, create_time, update_by, update_time, is_deleted) VALUES (2, 'R&D Department', 'RD001', 1, '0,1', 1, 1, 2, NULL, 2, SYSDATE, 0);
INSERT INTO sys_dept (id, name, code, parent_id, tree_path, sort, status, create_by, create_time, update_by, update_time, is_deleted) VALUES (3, 'QA Department', 'QA001', 1, '0,1', 1, 1, 2, NULL, 2, SYSDATE, 0);

-- ----------------------------
-- Table structure for sys_dict
-- ----------------------------
CREATE TABLE sys_dict (
    id NUMBER(19) GENERATED BY DEFAULT AS IDENTITY PRIMARY KEY,
    dict_code VARCHAR2(50),
    name VARCHAR2(50),
    status NUMBER(3) DEFAULT 0,
    remark VARCHAR2(255),
    create_time TIMESTAMP,
    create_by NUMBER(19),
    update_time TIMESTAMP,
    update_by NUMBER(19),
    is_deleted NUMBER(3) DEFAULT 0
);

CREATE INDEX idx_sys_dict_code ON sys_dict(dict_code);

COMMENT ON TABLE sys_dict IS 'Dictionary Table';
COMMENT ON COLUMN sys_dict.id IS 'Primary Key';
COMMENT ON COLUMN sys_dict.dict_code IS 'Type Code';
COMMENT ON COLUMN sys_dict.name IS 'Type Name';
COMMENT ON COLUMN sys_dict.status IS 'Status (0-Normal 1-Disabled)';
COMMENT ON COLUMN sys_dict.remark IS 'Remark';
COMMENT ON COLUMN sys_dict.create_time IS 'Creation Time';
COMMENT ON COLUMN sys_dict.create_by IS 'Creator ID';
COMMENT ON COLUMN sys_dict.update_time IS 'Modification Time';
COMMENT ON COLUMN sys_dict.update_by IS 'Modifier ID';
COMMENT ON COLUMN sys_dict.is_deleted IS 'Delete Flag (1-Deleted 0-Not Deleted)';

-- ----------------------------
-- Records of sys_dict
-- ----------------------------
INSERT INTO sys_dict (id, dict_code, name, status, remark, create_time, create_by, update_time, update_by, is_deleted) VALUES (1, 'gender', 'Gender', 1, NULL, SYSDATE, 1, SYSDATE, 1, 0);
INSERT INTO sys_dict (id, dict_code, name, status, remark, create_time, create_by, update_time, update_by, is_deleted) VALUES (2, 'notice_type', 'Notice Type', 1, NULL, SYSDATE, 1, SYSDATE, 1, 0);
INSERT INTO sys_dict (id, dict_code, name, status, remark, create_time, create_by, update_time, update_by, is_deleted) VALUES (3, 'notice_level', 'Notice Level', 1, NULL, SYSDATE, 1, SYSDATE, 1, 0);

-- ----------------------------
-- Table structure for sys_dict_item
-- ----------------------------
CREATE TABLE sys_dict_item (
    id NUMBER(19) GENERATED BY DEFAULT AS IDENTITY PRIMARY KEY,
    dict_code VARCHAR2(50),
    value VARCHAR2(50),
    label VARCHAR2(100),
    tag_type VARCHAR2(50),
    status NUMBER(3) DEFAULT 0,
    sort NUMBER(10) DEFAULT 0,
    remark VARCHAR2(255),
    create_time TIMESTAMP,
    create_by NUMBER(19),
    update_time TIMESTAMP,
    update_by NUMBER(19)
);

COMMENT ON TABLE sys_dict_item IS 'Dictionary Item Table';
COMMENT ON COLUMN sys_dict_item.id IS 'Primary Key';
COMMENT ON COLUMN sys_dict_item.dict_code IS 'Associated Dictionary Code';
COMMENT ON COLUMN sys_dict_item.value IS 'Dictionary Item Value';
COMMENT ON COLUMN sys_dict_item.label IS 'Dictionary Item Label';
COMMENT ON COLUMN sys_dict_item.tag_type IS 'Tag Type for Frontend Style';
COMMENT ON COLUMN sys_dict_item.status IS 'Status (1-Normal 0-Disabled)';
COMMENT ON COLUMN sys_dict_item.sort IS 'Sort Order';
COMMENT ON COLUMN sys_dict_item.remark IS 'Remark';
COMMENT ON COLUMN sys_dict_item.create_time IS 'Creation Time';
COMMENT ON COLUMN sys_dict_item.create_by IS 'Creator ID';
COMMENT ON COLUMN sys_dict_item.update_time IS 'Modification Time';
COMMENT ON COLUMN sys_dict_item.update_by IS 'Modifier ID';

-- ----------------------------
-- Records of sys_dict_item
-- ----------------------------
INSERT INTO sys_dict_item (id, dict_code, value, label, tag_type, status, sort, remark, create_time, create_by, update_time, update_by) VALUES (1, 'gender', '1', 'Male', 'primary', 1, 1, NULL, SYSDATE, 1, SYSDATE, 1);
INSERT INTO sys_dict_item (id, dict_code, value, label, tag_type, status, sort, remark, create_time, create_by, update_time, update_by) VALUES (2, 'gender', '2', 'Female', 'danger', 1, 2, NULL, SYSDATE, 1, SYSDATE, 1);
INSERT INTO sys_dict_item (id, dict_code, value, label, tag_type, status, sort, remark, create_time, create_by, update_time, update_by) VALUES (3, 'gender', '0', 'Unknown', 'info', 1, 3, NULL, SYSDATE, 1, SYSDATE, 1);
INSERT INTO sys_dict_item (id, dict_code, value, label, tag_type, status, sort, remark, create_time, create_by, update_time, update_by) VALUES (4, 'notice_type', '1', 'System Upgrade', 'success', 1, 1, '', SYSDATE, 1, SYSDATE, 1);
INSERT INTO sys_dict_item (id, dict_code, value, label, tag_type, status, sort, remark, create_time, create_by, update_time, update_by) VALUES (5, 'notice_type', '2', 'System Maintenance', 'primary', 1, 2, '', SYSDATE, 1, SYSDATE, 1);
INSERT INTO sys_dict_item (id, dict_code, value, label, tag_type, status, sort, remark, create_time, create_by, update_time, update_by) VALUES (6, 'notice_type', '3', 'Security Alert', 'danger', 1, 3, '', SYSDATE, 1, SYSDATE, 1);
INSERT INTO sys_dict_item (id, dict_code, value, label, tag_type, status, sort, remark, create_time, create_by, update_time, update_by) VALUES (7, 'notice_type', '4', 'Holiday Notice', 'success', 1, 4, '', SYSDATE, 1, SYSDATE, 1);
INSERT INTO sys_dict_item (id, dict_code, value, label, tag_type, status, sort, remark, create_time, create_by, update_time, update_by) VALUES (8, 'notice_type', '5', 'Company News', 'primary', 1, 5, '', SYSDATE, 1, SYSDATE, 1);
INSERT INTO sys_dict_item (id, dict_code, value, label, tag_type, status, sort, remark, create_time, create_by, update_time, update_by) VALUES (9, 'notice_type', '99', 'Other', 'info', 1, 99, '', SYSDATE, 1, SYSDATE, 1);
INSERT INTO sys_dict_item (id, dict_code, value, label, tag_type, status, sort, remark, create_time, create_by, update_time, update_by) VALUES (10, 'notice_level', 'L', 'Low', 'info', 1, 1, '', SYSDATE, 1, SYSDATE, 1);
INSERT INTO sys_dict_item (id, dict_code, value, label, tag_type, status, sort, remark, create_time, create_by, update_time, update_by) VALUES (11, 'notice_level', 'M', 'Medium', 'warning', 1, 2, '', SYSDATE, 1, SYSDATE, 1);
INSERT INTO sys_dict_item (id, dict_code, value, label, tag_type, status, sort, remark, create_time, create_by, update_time, update_by) VALUES (12, 'notice_level', 'H', 'High', 'danger', 1, 3, '', SYSDATE, 1, SYSDATE, 1);

-- ----------------------------
-- Table structure for sys_menu
-- ----------------------------
CREATE TABLE sys_menu (
    id NUMBER(19) GENERATED BY DEFAULT AS IDENTITY PRIMARY KEY,
    parent_id NUMBER(19) NOT NULL,
    tree_path VARCHAR2(255),
    name VARCHAR2(64) NOT NULL,
    type NUMBER(3) NOT NULL,
    route_name VARCHAR2(255),
    route_path VARCHAR2(128),
    component VARCHAR2(128),
    perm VARCHAR2(128),
    always_show NUMBER(3) DEFAULT 0,
    keep_alive NUMBER(3) DEFAULT 0,
    visible NUMBER(3) DEFAULT 1,
    sort NUMBER(10) DEFAULT 0,
    icon VARCHAR2(64),
    redirect VARCHAR2(128),
    create_time TIMESTAMP,
    update_time TIMESTAMP,
    params VARCHAR2(255)
);

COMMENT ON TABLE sys_menu IS 'Menu Management';
COMMENT ON COLUMN sys_menu.id IS 'ID';
COMMENT ON COLUMN sys_menu.parent_id IS 'Parent Menu ID';
COMMENT ON COLUMN sys_menu.tree_path IS 'Parent Node ID Path';
COMMENT ON COLUMN sys_menu.name IS 'Menu Name';
COMMENT ON COLUMN sys_menu.type IS 'Menu Type (1-Menu 2-Directory 3-ExternalLink 4-Button)';
COMMENT ON COLUMN sys_menu.route_name IS 'Route Name';
COMMENT ON COLUMN sys_menu.route_path IS 'Route Path';
COMMENT ON COLUMN sys_menu.component IS 'Component Path';
COMMENT ON COLUMN sys_menu.perm IS 'Permission Identifier';
COMMENT ON COLUMN sys_menu.always_show IS 'Always Show (1-Yes 0-No)';
COMMENT ON COLUMN sys_menu.keep_alive IS 'Keep Alive (1-Yes 0-No)';
COMMENT ON COLUMN sys_menu.visible IS 'Visible (1-Show 0-Hide)';
COMMENT ON COLUMN sys_menu.sort IS 'Sort Order';
COMMENT ON COLUMN sys_menu.icon IS 'Menu Icon';
COMMENT ON COLUMN sys_menu.redirect IS 'Redirect Path';
COMMENT ON COLUMN sys_menu.create_time IS 'Creation Time';
COMMENT ON COLUMN sys_menu.update_time IS 'Modification Time';
COMMENT ON COLUMN sys_menu.params IS 'Route Parameters';

-- ----------------------------
-- Records of sys_menu
-- ----------------------------
INSERT INTO sys_menu (id, parent_id, tree_path, name, type, route_name, route_path, component, perm, always_show, keep_alive, visible, sort, icon, redirect, create_time, update_time, params) VALUES (1, 0, '0', 'System Management', 2, '', '/system', 'Layout', NULL, NULL, NULL, 1, 1, 'system', '/system/user', SYSDATE, SYSDATE, NULL);
INSERT INTO sys_menu (id, parent_id, tree_path, name, type, route_name, route_path, component, perm, always_show, keep_alive, visible, sort, icon, redirect, create_time, update_time, params) VALUES (2, 1, '0,1', 'User Management', 1, 'User', 'user', 'system/user/index', NULL, NULL, 1, 1, 1, 'el-icon-User', NULL, SYSDATE, SYSDATE, NULL);
INSERT INTO sys_menu (id, parent_id, tree_path, name, type, route_name, route_path, component, perm, always_show, keep_alive, visible, sort, icon, redirect, create_time, update_time, params) VALUES (3, 1, '0,1', 'Role Management', 1, 'Role', 'role', 'system/role/index', NULL, NULL, 1, 1, 2, 'role', NULL, SYSDATE, SYSDATE, NULL);
INSERT INTO sys_menu (id, parent_id, tree_path, name, type, route_name, route_path, component, perm, always_show, keep_alive, visible, sort, icon, redirect, create_time, update_time, params) VALUES (4, 1, '0,1', 'Menu Management', 1, 'SysMenu', 'menu', 'system/menu/index', NULL, NULL, 1, 1, 3, 'menu', NULL, SYSDATE, SYSDATE, NULL);
INSERT INTO sys_menu (id, parent_id, tree_path, name, type, route_name, route_path, component, perm, always_show, keep_alive, visible, sort, icon, redirect, create_time, update_time, params) VALUES (5, 1, '0,1', 'Department Management', 1, 'Dept', 'dept', 'system/dept/index', NULL, NULL, 1, 1, 4, 'tree', NULL, SYSDATE, SYSDATE, NULL);
INSERT INTO sys_menu (id, parent_id, tree_path, name, type, route_name, route_path, component, perm, always_show, keep_alive, visible, sort, icon, redirect, create_time, update_time, params) VALUES (6, 1, '0,1', 'Dictionary Management', 1, 'Dict', 'dict', 'system/dict/index', NULL, NULL, 1, 1, 5, 'dict', NULL, SYSDATE, SYSDATE, NULL);
INSERT INTO sys_menu (id, parent_id, tree_path, name, type, route_name, route_path, component, perm, always_show, keep_alive, visible, sort, icon, redirect, create_time, update_time, params) VALUES (20, 0, '0', 'Multi-level Menu', 2, NULL, '/multi-level', 'Layout', NULL, 1, NULL, 1, 9, 'cascader', '', SYSDATE, SYSDATE, NULL);
INSERT INTO sys_menu (id, parent_id, tree_path, name, type, route_name, route_path, component, perm, always_show, keep_alive, visible, sort, icon, redirect, create_time, update_time, params) VALUES (21, 20, '0,20', 'Menu Level 1', 2, NULL, 'multi-level1', 'Layout', NULL, 1, NULL, 1, 1, '', '', SYSDATE, SYSDATE, NULL);
INSERT INTO sys_menu (id, parent_id, tree_path, name, type, route_name, route_path, component, perm, always_show, keep_alive, visible, sort, icon, redirect, create_time, update_time, params) VALUES (22, 21, '0,20,21', 'Menu Level 2', 2, NULL, 'multi-level2', 'Layout', NULL, 0, NULL, 1, 1, '', NULL, SYSDATE, SYSDATE, NULL);
INSERT INTO sys_menu (id, parent_id, tree_path, name, type, route_name, route_path, component, perm, always_show, keep_alive, visible, sort, icon, redirect, create_time, update_time, params) VALUES (23, 22, '0,20,21,22', 'Menu Level 3-1', 1, NULL, 'multi-level3-1', 'demo/multi-level/children/children/level3-1', NULL, 0, 1, 1, 1, '', '', SYSDATE, SYSDATE, NULL);
INSERT INTO sys_menu (id, parent_id, tree_path, name, type, route_name, route_path, component, perm, always_show, keep_alive, visible, sort, icon, redirect, create_time, update_time, params) VALUES (24, 22, '0,20,21,22', 'Menu Level 3-2', 1, NULL, 'multi-level3-2', 'demo/multi-level/children/children/level3-2', NULL, 0, 1, 1, 2, '', '', SYSDATE, SYSDATE, NULL);
INSERT INTO sys_menu (id, parent_id, tree_path, name, type, route_name, route_path, component, perm, always_show, keep_alive, visible, sort, icon, redirect, create_time, update_time, params) VALUES (26, 0, '0', 'Platform Documentation', 2, '', '/doc', 'Layout', NULL, NULL, NULL, 1, 8, 'document', 'https://juejin.cn/post/7228990409909108793', SYSDATE, SYSDATE, NULL);
INSERT INTO sys_menu (id, parent_id, tree_path, name, type, route_name, route_path, component, perm, always_show, keep_alive, visible, sort, icon, redirect, create_time, update_time, params) VALUES (30, 26, '0,26', 'Platform Doc (External)', 3, NULL, 'https://juejin.cn/post/7228990409909108793', '', NULL, NULL, NULL, 1, 2, 'document', '', SYSDATE, SYSDATE, NULL);
INSERT INTO sys_menu (id, parent_id, tree_path, name, type, route_name, route_path, component, perm, always_show, keep_alive, visible, sort, icon, redirect, create_time, update_time, params) VALUES (31, 2, '0,1,2', 'Add User', 4, NULL, '', NULL, 'sys:user:add', NULL, NULL, 1, 1, '', '', SYSDATE, SYSDATE, NULL);
INSERT INTO sys_menu (id, parent_id, tree_path, name, type, route_name, route_path, component, perm, always_show, keep_alive, visible, sort, icon, redirect, create_time, update_time, params) VALUES (32, 2, '0,1,2', 'Edit User', 4, NULL, '', NULL, 'sys:user:edit', NULL, NULL, 1, 2, '', '', SYSDATE, SYSDATE, NULL);
INSERT INTO sys_menu (id, parent_id, tree_path, name, type, route_name, route_path, component, perm, always_show, keep_alive, visible, sort, icon, redirect, create_time, update_time, params) VALUES (33, 2, '0,1,2', 'Delete User', 4, NULL, '', NULL, 'sys:user:delete', NULL, NULL, 1, 3, '', '', SYSDATE, SYSDATE, NULL);
INSERT INTO sys_menu (id, parent_id, tree_path, name, type, route_name, route_path, component, perm, always_show, keep_alive, visible, sort, icon, redirect, create_time, update_time, params) VALUES (36, 0, '0', 'Component Wrapper', 2, NULL, '/component', 'Layout', NULL, NULL, NULL, 1, 10, 'menu', '', SYSDATE, SYSDATE, NULL);
INSERT INTO sys_menu (id, parent_id, tree_path, name, type, route_name, route_path, component, perm, always_show, keep_alive, visible, sort, icon, redirect, create_time, update_time, params) VALUES (37, 36, '0,36', 'Rich Text Editor', 1, 'WangEditor', 'wang-editor', 'demo/wang-editor', NULL, NULL, 1, 1, 2, '', '', NULL, NULL, NULL);
INSERT INTO sys_menu (id, parent_id, tree_path, name, type, route_name, route_path, component, perm, always_show, keep_alive, visible, sort, icon, redirect, create_time, update_time, params) VALUES (38, 36, '0,36', 'Image Upload', 1, 'Upload', 'upload', 'demo/upload', NULL, NULL, 1, 1, 3, '', '', SYSDATE, SYSDATE, NULL);
INSERT INTO sys_menu (id, parent_id, tree_path, name, type, route_name, route_path, component, perm, always_show, keep_alive, visible, sort, icon, redirect, create_time, update_time, params) VALUES (39, 36, '0,36', 'Icon Selector', 1, 'IconSelect', 'icon-select', 'demo/icon-select', NULL, NULL, 1, 1, 4, '', '', SYSDATE, SYSDATE, NULL);
INSERT INTO sys_menu (id, parent_id, tree_path, name, type, route_name, route_path, component, perm, always_show, keep_alive, visible, sort, icon, redirect, create_time, update_time, params) VALUES (40, 0, '0', 'API Documentation', 2, NULL, '/api', 'Layout', NULL, 1, NULL, 1, 7, 'api', '', SYSDATE, SYSDATE, NULL);
INSERT INTO sys_menu (id, parent_id, tree_path, name, type, route_name, route_path, component, perm, always_show, keep_alive, visible, sort, icon, redirect, create_time, update_time, params) VALUES (41, 40, '0,40', 'Apifox', 1, 'Apifox', 'apifox', 'demo/api/apifox', NULL, NULL, 1, 1, 1, 'api', '', SYSDATE, SYSDATE, NULL);
INSERT INTO sys_menu (id, parent_id, tree_path, name, type, route_name, route_path, component, perm, always_show, keep_alive, visible, sort, icon, redirect, create_time, update_time, params) VALUES (70, 3, '0,1,3', 'Add Role', 4, NULL, '', NULL, 'sys:role:add', NULL, NULL, 1, 2, '', NULL, SYSDATE, SYSDATE, NULL);
INSERT INTO sys_menu (id, parent_id, tree_path, name, type, route_name, route_path, component, perm, always_show, keep_alive, visible, sort, icon, redirect, create_time, update_time, params) VALUES (71, 3, '0,1,3', 'Edit Role', 4, NULL, '', NULL, 'sys:role:edit', NULL, NULL, 1, 3, '', NULL, SYSDATE, SYSDATE, NULL);
INSERT INTO sys_menu (id, parent_id, tree_path, name, type, route_name, route_path, component, perm, always_show, keep_alive, visible, sort, icon, redirect, create_time, update_time, params) VALUES (72, 3, '0,1,3', 'Delete Role', 4, NULL, '', NULL, 'sys:role:delete', NULL, NULL, 1, 4, '', NULL, SYSDATE, SYSDATE, NULL);
INSERT INTO sys_menu (id, parent_id, tree_path, name, type, route_name, route_path, component, perm, always_show, keep_alive, visible, sort, icon, redirect, create_time, update_time, params) VALUES (73, 4, '0,1,4', 'Add Menu', 4, NULL, '', NULL, 'sys:menu:add', NULL, NULL, 1, 1, '', NULL, SYSDATE, SYSDATE, NULL);
INSERT INTO sys_menu (id, parent_id, tree_path, name, type, route_name, route_path, component, perm, always_show, keep_alive, visible, sort, icon, redirect, create_time, update_time, params) VALUES (74, 4, '0,1,4', 'Edit Menu', 4, NULL, '', NULL, 'sys:menu:edit', NULL, NULL, 1, 3, '', NULL, SYSDATE, SYSDATE, NULL);
INSERT INTO sys_menu (id, parent_id, tree_path, name, type, route_name, route_path, component, perm, always_show, keep_alive, visible, sort, icon, redirect, create_time, update_time, params) VALUES (75, 4, '0,1,4', 'Delete Menu', 4, NULL, '', NULL, 'sys:menu:delete', NULL, NULL, 1, 3, '', NULL, SYSDATE, SYSDATE, NULL);
INSERT INTO sys_menu (id, parent_id, tree_path, name, type, route_name, route_path, component, perm, always_show, keep_alive, visible, sort, icon, redirect, create_time, update_time, params) VALUES (76, 5, '0,1,5', 'Add Department', 4, NULL, '', NULL, 'sys:dept:add', NULL, NULL, 1, 1, '', NULL, SYSDATE, SYSDATE, NULL);
INSERT INTO sys_menu (id, parent_id, tree_path, name, type, route_name, route_path, component, perm, always_show, keep_alive, visible, sort, icon, redirect, create_time, update_time, params) VALUES (77, 5, '0,1,5', 'Edit Department', 4, NULL, '', NULL, 'sys:dept:edit', NULL, NULL, 1, 2, '', NULL, SYSDATE, SYSDATE, NULL);
INSERT INTO sys_menu (id, parent_id, tree_path, name, type, route_name, route_path, component, perm, always_show, keep_alive, visible, sort, icon, redirect, create_time, update_time, params) VALUES (78, 5, '0,1,5', 'Delete Department', 4, NULL, '', NULL, 'sys:dept:delete', NULL, NULL, 1, 3, '', NULL, SYSDATE, SYSDATE, NULL);
INSERT INTO sys_menu (id, parent_id, tree_path, name, type, route_name, route_path, component, perm, always_show, keep_alive, visible, sort, icon, redirect, create_time, update_time, params) VALUES (79, 6, '0,1,6', 'Add Dictionary', 4, NULL, '', NULL, 'sys:dict:add', NULL, NULL, 1, 1, '', NULL, SYSDATE, SYSDATE, NULL);
INSERT INTO sys_menu (id, parent_id, tree_path, name, type, route_name, route_path, component, perm, always_show, keep_alive, visible, sort, icon, redirect, create_time, update_time, params) VALUES (81, 6, '0,1,6', 'Edit Dictionary', 4, NULL, '', NULL, 'sys:dict:edit', NULL, NULL, 1, 2, '', NULL, SYSDATE, SYSDATE, NULL);
INSERT INTO sys_menu (id, parent_id, tree_path, name, type, route_name, route_path, component, perm, always_show, keep_alive, visible, sort, icon, redirect, create_time, update_time, params) VALUES (84, 6, '0,1,6', 'Delete Dictionary', 4, NULL, '', NULL, 'sys:dict:delete', NULL, NULL, 1, 3, '', NULL, SYSDATE, SYSDATE, NULL);
INSERT INTO sys_menu (id, parent_id, tree_path, name, type, route_name, route_path, component, perm, always_show, keep_alive, visible, sort, icon, redirect, create_time, update_time, params) VALUES (88, 2, '0,1,2', 'Reset Password', 4, NULL, '', NULL, 'sys:user:reset-password', NULL, NULL, 1, 4, '', NULL, SYSDATE, SYSDATE, NULL);
INSERT INTO sys_menu (id, parent_id, tree_path, name, type, route_name, route_path, component, perm, always_show, keep_alive, visible, sort, icon, redirect, create_time, update_time, params) VALUES (89, 0, '0', 'Function Demo', 2, NULL, '/function', 'Layout', NULL, NULL, NULL, 1, 12, 'menu', '', SYSDATE, SYSDATE, NULL);
INSERT INTO sys_menu (id, parent_id, tree_path, name, type, route_name, route_path, component, perm, always_show, keep_alive, visible, sort, icon, redirect, create_time, update_time, params) VALUES (90, 89, '0,89', 'Websocket', 1, 'WebSocket', '/function/websocket', 'demo/websocket', NULL, NULL, 1, 1, 3, '', '', SYSDATE, SYSDATE, NULL);
INSERT INTO sys_menu (id, parent_id, tree_path, name, type, route_name, route_path, component, perm, always_show, keep_alive, visible, sort, icon, redirect, create_time, update_time, params) VALUES (95, 36, '0,36', 'Dictionary Component', 1, 'DictDemo', 'dict-demo', 'demo/dictionary', NULL, NULL, 1, 1, 4, '', '', SYSDATE, SYSDATE, NULL);
INSERT INTO sys_menu (id, parent_id, tree_path, name, type, route_name, route_path, component, perm, always_show, keep_alive, visible, sort, icon, redirect, create_time, update_time, params) VALUES (97, 89, '0,89', 'Icons', 1, 'IconDemo', 'icon-demo', 'demo/icons', NULL, NULL, 1, 1, 2, 'el-icon-Notification', '', SYSDATE, SYSDATE, NULL);
INSERT INTO sys_menu (id, parent_id, tree_path, name, type, route_name, route_path, component, perm, always_show, keep_alive, visible, sort, icon, redirect, create_time, update_time, params) VALUES (102, 26, '0,26', 'Document', 3, NULL, 'internal-doc', 'demo/internal-doc', NULL, NULL, NULL, 1, 1, 'document', '', SYSDATE, SYSDATE, NULL);
INSERT INTO sys_menu (id, parent_id, tree_path, name, type, route_name, route_path, component, perm, always_show, keep_alive, visible, sort, icon, redirect, create_time, update_time, params) VALUES (105, 2, '0,1,2', 'Query User', 4, NULL, '', NULL, 'sys:user:query', 0, 0, 1, 0, '', NULL, SYSDATE, SYSDATE, NULL);
INSERT INTO sys_menu (id, parent_id, tree_path, name, type, route_name, route_path, component, perm, always_show, keep_alive, visible, sort, icon, redirect, create_time, update_time, params) VALUES (106, 2, '0,1,2', 'Import User', 4, NULL, '', NULL, 'sys:user:import', NULL, NULL, 1, 5, '', NULL, SYSDATE, SYSDATE, NULL);
INSERT INTO sys_menu (id, parent_id, tree_path, name, type, route_name, route_path, component, perm, always_show, keep_alive, visible, sort, icon, redirect, create_time, update_time, params) VALUES (107, 2, '0,1,2', 'Export User', 4, NULL, '', NULL, 'sys:user:export', NULL, NULL, 1, 6, '', NULL, SYSDATE, SYSDATE, NULL);
INSERT INTO sys_menu (id, parent_id, tree_path, name, type, route_name, route_path, component, perm, always_show, keep_alive, visible, sort, icon, redirect, create_time, update_time, params) VALUES (108, 36, '0,36', 'CRUD', 1, 'Curd', 'curd', 'demo/curd/index', NULL, NULL, 1, 1, 0, '', '', NULL, NULL, NULL);
INSERT INTO sys_menu (id, parent_id, tree_path, name, type, route_name, route_path, component, perm, always_show, keep_alive, visible, sort, icon, redirect, create_time, update_time, params) VALUES (109, 36, '0,36', 'Table Selector', 1, 'TableSelect', 'table-select', 'demo/table-select/index', NULL, NULL, 1, 1, 1, '', '', NULL, NULL, NULL);
INSERT INTO sys_menu (id, parent_id, tree_path, name, type, route_name, route_path, component, perm, always_show, keep_alive, visible, sort, icon, redirect, create_time, update_time, params) VALUES (110, 0, '0', 'Route Parameters', 2, NULL, '/route-param', 'Layout', NULL, 1, 1, 1, 11, 'el-icon-ElementPlus', NULL, SYSDATE, SYSDATE, NULL);
INSERT INTO sys_menu (id, parent_id, tree_path, name, type, route_name, route_path, component, perm, always_show, keep_alive, visible, sort, icon, redirect, create_time, update_time, params) VALUES (111, 110, '0,110', 'Param (type=1)', 1, 'RouteParamType1', 'route-param-type1', 'demo/route-param', NULL, 0, 1, 1, 1, 'el-icon-Star', NULL, SYSDATE, SYSDATE, '{"type": "1"}');
INSERT INTO sys_menu (id, parent_id, tree_path, name, type, route_name, route_path, component, perm, always_show, keep_alive, visible, sort, icon, redirect, create_time, update_time, params) VALUES (112, 110, '0,110', 'Param (type=2)', 1, 'RouteParamType2', 'route-param-type2', 'demo/route-param', NULL, 0, 1, 1, 2, 'el-icon-StarFilled', NULL, SYSDATE, SYSDATE, '{"type": "2"}');
INSERT INTO sys_menu (id, parent_id, tree_path, name, type, route_name, route_path, component, perm, always_show, keep_alive, visible, sort, icon, redirect, create_time, update_time, params) VALUES (117, 1, '0,1', 'System Log', 1, 'Log', 'log', 'system/log/index', NULL, 0, 1, 1, 6, 'document', NULL, SYSDATE, SYSDATE, NULL);
INSERT INTO sys_menu (id, parent_id, tree_path, name, type, route_name, route_path, component, perm, always_show, keep_alive, visible, sort, icon, redirect, create_time, update_time, params) VALUES (118, 0, '0', 'System Tools', 2, NULL, '/codegen', 'Layout', NULL, 0, 1, 1, 2, 'menu', NULL, SYSDATE, SYSDATE, NULL);
INSERT INTO sys_menu (id, parent_id, tree_path, name, type, route_name, route_path, component, perm, always_show, keep_alive, visible, sort, icon, redirect, create_time, update_time, params) VALUES (119, 118, '0,118', 'Code Generator', 1, 'Codegen', 'codegen', 'codegen/index', NULL, 0, 1, 1, 1, 'code', NULL, SYSDATE, SYSDATE, NULL);
INSERT INTO sys_menu (id, parent_id, tree_path, name, type, route_name, route_path, component, perm, always_show, keep_alive, visible, sort, icon, redirect, create_time, update_time, params) VALUES (120, 1, '0,1', 'System Config', 1, 'Config', 'config', 'system/config/index', NULL, 0, 1, 1, 7, 'setting', NULL, SYSDATE, SYSDATE, NULL);
INSERT INTO sys_menu (id, parent_id, tree_path, name, type, route_name, route_path, component, perm, always_show, keep_alive, visible, sort, icon, redirect, create_time, update_time, params) VALUES (121, 120, '0,1,120', 'Query Config', 4, NULL, '', NULL, 'sys:config:query', 0, 1, 1, 1, '', NULL, SYSDATE, SYSDATE, NULL);
INSERT INTO sys_menu (id, parent_id, tree_path, name, type, route_name, route_path, component, perm, always_show, keep_alive, visible, sort, icon, redirect, create_time, update_time, params) VALUES (122, 120, '0,1,120', 'Add Config', 4, NULL, '', NULL, 'sys:config:add', 0, 1, 1, 2, '', NULL, SYSDATE, SYSDATE, NULL);
INSERT INTO sys_menu (id, parent_id, tree_path, name, type, route_name, route_path, component, perm, always_show, keep_alive, visible, sort, icon, redirect, create_time, update_time, params) VALUES (123, 120, '0,1,120', 'Update Config', 4, NULL, '', NULL, 'sys:config:update', 0, 1, 1, 3, '', NULL, SYSDATE, SYSDATE, NULL);
INSERT INTO sys_menu (id, parent_id, tree_path, name, type, route_name, route_path, component, perm, always_show, keep_alive, visible, sort, icon, redirect, create_time, update_time, params) VALUES (124, 120, '0,1,120', 'Delete Config', 4, NULL, '', NULL, 'sys:config:delete', 0, 1, 1, 4, '', NULL, SYSDATE, SYSDATE, NULL);
INSERT INTO sys_menu (id, parent_id, tree_path, name, type, route_name, route_path, component, perm, always_show, keep_alive, visible, sort, icon, redirect, create_time, update_time, params) VALUES (125, 120, '0,1,120', 'Refresh Config', 4, NULL, '', NULL, 'sys:config:refresh', 0, 1, 1, 5, '', NULL, SYSDATE, SYSDATE, NULL);
INSERT INTO sys_menu (id, parent_id, tree_path, name, type, route_name, route_path, component, perm, always_show, keep_alive, visible, sort, icon, redirect, create_time, update_time, params) VALUES (126, 1, '0,1', 'Notice', 1, 'Notice', 'notice', 'system/notice/index', NULL, NULL, NULL, 1, 9, '', NULL, SYSDATE, SYSDATE, NULL);
INSERT INTO sys_menu (id, parent_id, tree_path, name, type, route_name, route_path, component, perm, always_show, keep_alive, visible, sort, icon, redirect, create_time, update_time, params) VALUES (127, 126, '0,1,126', 'Query Notice', 4, NULL, '', NULL, 'sys:notice:query', NULL, NULL, 1, 1, '', NULL, SYSDATE, SYSDATE, NULL);
INSERT INTO sys_menu (id, parent_id, tree_path, name, type, route_name, route_path, component, perm, always_show, keep_alive, visible, sort, icon, redirect, create_time, update_time, params) VALUES (128, 126, '0,1,126', 'Add Notice', 4, NULL, '', NULL, 'sys:notice:add', NULL, NULL, 1, 2, '', NULL, SYSDATE, SYSDATE, NULL);
INSERT INTO sys_menu (id, parent_id, tree_path, name, type, route_name, route_path, component, perm, always_show, keep_alive, visible, sort, icon, redirect, create_time, update_time, params) VALUES (129, 126, '0,1,126', 'Edit Notice', 4, NULL, '', NULL, 'sys:notice:edit', NULL, NULL, 1, 3, '', NULL, SYSDATE, SYSDATE, NULL);
INSERT INTO sys_menu (id, parent_id, tree_path, name, type, route_name, route_path, component, perm, always_show, keep_alive, visible, sort, icon, redirect, create_time, update_time, params) VALUES (130, 126, '0,1,126', 'Delete Notice', 4, NULL, '', NULL, 'sys:notice:delete', NULL, NULL, 1, 4, '', NULL, SYSDATE, SYSDATE, NULL);
INSERT INTO sys_menu (id, parent_id, tree_path, name, type, route_name, route_path, component, perm, always_show, keep_alive, visible, sort, icon, redirect, create_time, update_time, params) VALUES (133, 126, '0,1,126', 'Publish Notice', 4, NULL, '', NULL, 'sys:notice:publish', 0, 1, 1, 5, '', NULL, SYSDATE, SYSDATE, NULL);
INSERT INTO sys_menu (id, parent_id, tree_path, name, type, route_name, route_path, component, perm, always_show, keep_alive, visible, sort, icon, redirect, create_time, update_time, params) VALUES (134, 126, '0,1,126', 'Revoke Notice', 4, NULL, '', NULL, 'sys:notice:revoke', 0, 1, 1, 6, '', NULL, SYSDATE, SYSDATE, NULL);
INSERT INTO sys_menu (id, parent_id, tree_path, name, type, route_name, route_path, component, perm, always_show, keep_alive, visible, sort, icon, redirect, create_time, update_time, params) VALUES (135, 1, '0,1', 'Dictionary Item', 1, 'DictItem', 'dict-item', 'system/dict/dict-item', NULL, 0, 1, 0, 6, '', NULL, SYSDATE, SYSDATE, NULL);
INSERT INTO sys_menu (id, parent_id, tree_path, name, type, route_name, route_path, component, perm, always_show, keep_alive, visible, sort, icon, redirect, create_time, update_time, params) VALUES (136, 135, '0,1,135', 'Add Dict Item', 4, NULL, '', NULL, 'sys:dict-item:add', NULL, NULL, 1, 2, '', NULL, SYSDATE, SYSDATE, NULL);
INSERT INTO sys_menu (id, parent_id, tree_path, name, type, route_name, route_path, component, perm, always_show, keep_alive, visible, sort, icon, redirect, create_time, update_time, params) VALUES (137, 135, '0,1,135', 'Edit Dict Item', 4, NULL, '', NULL, 'sys:dict-item:edit', NULL, NULL, 1, 3, '', NULL, SYSDATE, SYSDATE, NULL);
INSERT INTO sys_menu (id, parent_id, tree_path, name, type, route_name, route_path, component, perm, always_show, keep_alive, visible, sort, icon, redirect, create_time, update_time, params) VALUES (138, 135, '0,1,135', 'Delete Dict Item', 4, NULL, '', NULL, 'sys:dict-item:delete', NULL, NULL, 1, 4, '', NULL, SYSDATE, SYSDATE, NULL);
INSERT INTO sys_menu (id, parent_id, tree_path, name, type, route_name, route_path, component, perm, always_show, keep_alive, visible, sort, icon, redirect, create_time, update_time, params) VALUES (139, 3, '0,1,3', 'Query Role', 4, NULL, '', NULL, 'sys:role:query', NULL, NULL, 1, 1, '', NULL, SYSDATE, SYSDATE, NULL);
INSERT INTO sys_menu (id, parent_id, tree_path, name, type, route_name, route_path, component, perm, always_show, keep_alive, visible, sort, icon, redirect, create_time, update_time, params) VALUES (140, 4, '0,1,4', 'Query Menu', 4, NULL, '', NULL, 'sys:menu:query', NULL, NULL, 1, 1, '', NULL, SYSDATE, SYSDATE, NULL);
INSERT INTO sys_menu (id, parent_id, tree_path, name, type, route_name, route_path, component, perm, always_show, keep_alive, visible, sort, icon, redirect, create_time, update_time, params) VALUES (141, 5, '0,1,5', 'Query Dept', 4, NULL, '', NULL, 'sys:dept:query', NULL, NULL, 1, 1, '', NULL, SYSDATE, SYSDATE, NULL);
INSERT INTO sys_menu (id, parent_id, tree_path, name, type, route_name, route_path, component, perm, always_show, keep_alive, visible, sort, icon, redirect, create_time, update_time, params) VALUES (142, 6, '0,1,6', 'Query Dict', 4, NULL, '', NULL, 'sys:dict:query', NULL, NULL, 1, 1, '', NULL, SYSDATE, SYSDATE, NULL);
INSERT INTO sys_menu (id, parent_id, tree_path, name, type, route_name, route_path, component, perm, always_show, keep_alive, visible, sort, icon, redirect, create_time, update_time, params) VALUES (143, 135, '0,1,135', 'Query Dict Item', 4, NULL, '', NULL, 'sys:dict-item:query', NULL, NULL, 1, 1, '', NULL, SYSDATE, SYSDATE, NULL);
INSERT INTO sys_menu (id, parent_id, tree_path, name, type, route_name, route_path, component, perm, always_show, keep_alive, visible, sort, icon, redirect, create_time, update_time, params) VALUES (144, 26, '0,26', 'Backend Doc', 3, NULL, 'https://youlai.blog.csdn.net/article/details/145178880', '', NULL, NULL, NULL, 1, 3, 'document', '', SYSDATE, SYSDATE, NULL);
INSERT INTO sys_menu (id, parent_id, tree_path, name, type, route_name, route_path, component, perm, always_show, keep_alive, visible, sort, icon, redirect, create_time, update_time, params) VALUES (145, 26, '0,26', 'Mobile Doc', 3, NULL, 'https://youlai.blog.csdn.net/article/details/143222890', '', NULL, NULL, NULL, 1, 4, 'document', '', SYSDATE, SYSDATE, NULL);
INSERT INTO sys_menu (id, parent_id, tree_path, name, type, route_name, route_path, component, perm, always_show, keep_alive, visible, sort, icon, redirect, create_time, update_time, params) VALUES (146, 36, '0,36', 'Drag Component', 1, 'Drag', 'drag', 'demo/drag', NULL, NULL, NULL, 1, 5, '', '', SYSDATE, SYSDATE, NULL);
INSERT INTO sys_menu (id, parent_id, tree_path, name, type, route_name, route_path, component, perm, always_show, keep_alive, visible, sort, icon, redirect, create_time, update_time, params) VALUES (147, 36, '0,36', 'Text Scroll', 1, 'TextScroll', 'text-scroll', 'demo/text-scroll', NULL, NULL, NULL, 1, 6, '', '', SYSDATE, SYSDATE, NULL);
INSERT INTO sys_menu (id, parent_id, tree_path, name, type, route_name, route_path, component, perm, always_show, keep_alive, visible, sort, icon, redirect, create_time, update_time, params) VALUES (148, 89, '0,89', 'Dict Realtime Sync', 1, 'DictSync', 'dict-sync', 'demo/dict-sync', NULL, NULL, NULL, 1, 3, '', '', SYSDATE, SYSDATE, NULL);
INSERT INTO sys_menu (id, parent_id, tree_path, name, type, route_name, route_path, component, perm, always_show, keep_alive, visible, sort, icon, redirect, create_time, update_time, params) VALUES (149, 89, '0,89', 'VxeTable', 1, 'VxeTable', 'vxe-table', 'demo/vxe-table/index', NULL, NULL, 1, 1, 0, 'el-icon-MagicStick', '', SYSDATE, SYSDATE, NULL);
INSERT INTO sys_menu (id, parent_id, tree_path, name, type, route_name, route_path, component, perm, always_show, keep_alive, visible, sort, icon, redirect, create_time, update_time, params) VALUES (150, 36, '0,36', 'Auto Operation Column', 1, 'AutoOperationColumn', 'operation-column', 'demo/auto-operation-column', NULL, NULL, 1, 1, 1, '', '', SYSDATE, SYSDATE, NULL);
INSERT INTO sys_menu (id, parent_id, tree_path, name, type, route_name, route_path, component, perm, always_show, keep_alive, visible, sort, icon, redirect, create_time, update_time, params) VALUES (151, 89, '0,89', 'CRUD Single File', 1, 'CurdSingle', 'curd-single', 'demo/curd-single', NULL, NULL, 1, 1, 7, 'el-icon-Reading', '', SYSDATE, SYSDATE, NULL);
INSERT INTO sys_menu (id, parent_id, tree_path, name, type, route_name, route_path, component, perm, always_show, keep_alive, visible, sort, icon, redirect, create_time, update_time, params) VALUES (152, 0, '0', 'AI Assistant', 2, NULL, '/platform', 'Layout', NULL, NULL, NULL, 1, 13, 'platform', '', SYSDATE, SYSDATE, NULL);
INSERT INTO sys_menu (id, parent_id, tree_path, name, type, route_name, route_path, component, perm, always_show, keep_alive, visible, sort, icon, redirect, create_time, update_time, params) VALUES (153, 152, '0,152', 'AI Command Record', 1, 'AiCommandRecord', 'command-record', 'ai/command-record/index', NULL, NULL, 1, 1, 1, 'document', NULL, SYSDATE, SYSDATE, NULL);

-- ----------------------------
-- Table structure for sys_role
-- ----------------------------
CREATE TABLE sys_role (
    id NUMBER(19) GENERATED BY DEFAULT AS IDENTITY PRIMARY KEY,
    name VARCHAR2(64) NOT NULL,
    code VARCHAR2(32) NOT NULL,
    sort NUMBER(10),
    status NUMBER(3) DEFAULT 1,
    data_scope NUMBER(3),
    create_by NUMBER(19),
    create_time TIMESTAMP,
    update_by NUMBER(19),
    update_time TIMESTAMP,
    is_deleted NUMBER(3) DEFAULT 0,
    CONSTRAINT uk_sys_role_name UNIQUE (name),
    CONSTRAINT uk_sys_role_code UNIQUE (code)
);

COMMENT ON TABLE sys_role IS 'Role Table';
COMMENT ON COLUMN sys_role.id IS 'Primary Key';
COMMENT ON COLUMN sys_role.name IS 'Role Name';
COMMENT ON COLUMN sys_role.code IS 'Role Code';
COMMENT ON COLUMN sys_role.sort IS 'Display Order';
COMMENT ON COLUMN sys_role.status IS 'Role Status (1-Normal 0-Disabled)';
COMMENT ON COLUMN sys_role.data_scope IS 'Data Scope (1-All 2-Dept+Sub 3-Dept 4-Self)';
COMMENT ON COLUMN sys_role.create_by IS 'Creator ID';
COMMENT ON COLUMN sys_role.create_time IS 'Creation Time';
COMMENT ON COLUMN sys_role.update_by IS 'Modifier ID';
COMMENT ON COLUMN sys_role.update_time IS 'Modification Time';
COMMENT ON COLUMN sys_role.is_deleted IS 'Logical Delete Flag (0-Not Deleted 1-Deleted)';

-- ----------------------------
-- Records of sys_role
-- ----------------------------
INSERT INTO sys_role (id, name, code, sort, status, data_scope, create_by, create_time, update_by, update_time, is_deleted) VALUES (1, 'Super Admin', 'ROOT', 1, 1, 1, NULL, SYSDATE, NULL, SYSDATE, 0);
INSERT INTO sys_role (id, name, code, sort, status, data_scope, create_by, create_time, update_by, update_time, is_deleted) VALUES (2, 'System Admin', 'ADMIN', 2, 1, 1, NULL, SYSDATE, NULL, NULL, 0);
INSERT INTO sys_role (id, name, code, sort, status, data_scope, create_by, create_time, update_by, update_time, is_deleted) VALUES (3, 'Guest', 'GUEST', 3, 1, 3, NULL, SYSDATE, NULL, SYSDATE, 0);
INSERT INTO sys_role (id, name, code, sort, status, data_scope, create_by, create_time, update_by, update_time, is_deleted) VALUES (4, 'System Admin 1', 'ADMIN1', 4, 1, 1, NULL, SYSDATE, NULL, NULL, 0);
INSERT INTO sys_role (id, name, code, sort, status, data_scope, create_by, create_time, update_by, update_time, is_deleted) VALUES (5, 'System Admin 2', 'ADMIN2', 5, 1, 1, NULL, SYSDATE, NULL, NULL, 0);
INSERT INTO sys_role (id, name, code, sort, status, data_scope, create_by, create_time, update_by, update_time, is_deleted) VALUES (6, 'System Admin 3', 'ADMIN3', 6, 1, 1, NULL, SYSDATE, NULL, NULL, 0);
INSERT INTO sys_role (id, name, code, sort, status, data_scope, create_by, create_time, update_by, update_time, is_deleted) VALUES (7, 'System Admin 4', 'ADMIN4', 7, 1, 1, NULL, SYSDATE, NULL, NULL, 0);
INSERT INTO sys_role (id, name, code, sort, status, data_scope, create_by, create_time, update_by, update_time, is_deleted) VALUES (8, 'System Admin 5', 'ADMIN5', 8, 1, 1, NULL, SYSDATE, NULL, NULL, 0);
INSERT INTO sys_role (id, name, code, sort, status, data_scope, create_by, create_time, update_by, update_time, is_deleted) VALUES (9, 'System Admin 6', 'ADMIN6', 9, 1, 1, NULL, SYSDATE, NULL, NULL, 0);
INSERT INTO sys_role (id, name, code, sort, status, data_scope, create_by, create_time, update_by, update_time, is_deleted) VALUES (10, 'System Admin 7', 'ADMIN7', 10, 1, 1, NULL, SYSDATE, NULL, NULL, 0);
INSERT INTO sys_role (id, name, code, sort, status, data_scope, create_by, create_time, update_by, update_time, is_deleted) VALUES (11, 'System Admin 8', 'ADMIN8', 11, 1, 1, NULL, SYSDATE, NULL, NULL, 0);
INSERT INTO sys_role (id, name, code, sort, status, data_scope, create_by, create_time, update_by, update_time, is_deleted) VALUES (12, 'System Admin 9', 'ADMIN9', 12, 1, 1, NULL, SYSDATE, NULL, NULL, 0);

-- ----------------------------
-- Table structure for sys_role_menu
-- ----------------------------
CREATE TABLE sys_role_menu (
    role_id NUMBER(19) NOT NULL,
    menu_id NUMBER(19) NOT NULL,
    CONSTRAINT uk_sys_role_menu UNIQUE (role_id, menu_id)
);

COMMENT ON TABLE sys_role_menu IS 'Role Menu Relation Table';
COMMENT ON COLUMN sys_role_menu.role_id IS 'Role ID';
COMMENT ON COLUMN sys_role_menu.menu_id IS 'Menu ID';

-- ----------------------------
-- Records of sys_role_menu
-- ----------------------------
INSERT INTO sys_role_menu (role_id, menu_id) VALUES (2, 1);
INSERT INTO sys_role_menu (role_id, menu_id) VALUES (2, 2);
INSERT INTO sys_role_menu (role_id, menu_id) VALUES (2, 3);
INSERT INTO sys_role_menu (role_id, menu_id) VALUES (2, 4);
INSERT INTO sys_role_menu (role_id, menu_id) VALUES (2, 5);
INSERT INTO sys_role_menu (role_id, menu_id) VALUES (2, 6);
INSERT INTO sys_role_menu (role_id, menu_id) VALUES (2, 20);
INSERT INTO sys_role_menu (role_id, menu_id) VALUES (2, 21);
INSERT INTO sys_role_menu (role_id, menu_id) VALUES (2, 22);
INSERT INTO sys_role_menu (role_id, menu_id) VALUES (2, 23);
INSERT INTO sys_role_menu (role_id, menu_id) VALUES (2, 24);
INSERT INTO sys_role_menu (role_id, menu_id) VALUES (2, 26);
INSERT INTO sys_role_menu (role_id, menu_id) VALUES (2, 30);
INSERT INTO sys_role_menu (role_id, menu_id) VALUES (2, 31);
INSERT INTO sys_role_menu (role_id, menu_id) VALUES (2, 32);
INSERT INTO sys_role_menu (role_id, menu_id) VALUES (2, 33);
INSERT INTO sys_role_menu (role_id, menu_id) VALUES (2, 36);
INSERT INTO sys_role_menu (role_id, menu_id) VALUES (2, 37);
INSERT INTO sys_role_menu (role_id, menu_id) VALUES (2, 38);
INSERT INTO sys_role_menu (role_id, menu_id) VALUES (2, 39);
INSERT INTO sys_role_menu (role_id, menu_id) VALUES (2, 40);
INSERT INTO sys_role_menu (role_id, menu_id) VALUES (2, 41);
INSERT INTO sys_role_menu (role_id, menu_id) VALUES (2, 70);
INSERT INTO sys_role_menu (role_id, menu_id) VALUES (2, 71);
INSERT INTO sys_role_menu (role_id, menu_id) VALUES (2, 72);
INSERT INTO sys_role_menu (role_id, menu_id) VALUES (2, 73);
INSERT INTO sys_role_menu (role_id, menu_id) VALUES (2, 74);
INSERT INTO sys_role_menu (role_id, menu_id) VALUES (2, 75);
INSERT INTO sys_role_menu (role_id, menu_id) VALUES (2, 76);
INSERT INTO sys_role_menu (role_id, menu_id) VALUES (2, 77);
INSERT INTO sys_role_menu (role_id, menu_id) VALUES (2, 78);
INSERT INTO sys_role_menu (role_id, menu_id) VALUES (2, 79);
INSERT INTO sys_role_menu (role_id, menu_id) VALUES (2, 81);
INSERT INTO sys_role_menu (role_id, menu_id) VALUES (2, 84);
INSERT INTO sys_role_menu (role_id, menu_id) VALUES (2, 85);
INSERT INTO sys_role_menu (role_id, menu_id) VALUES (2, 86);
INSERT INTO sys_role_menu (role_id, menu_id) VALUES (2, 87);
INSERT INTO sys_role_menu (role_id, menu_id) VALUES (2, 88);
INSERT INTO sys_role_menu (role_id, menu_id) VALUES (2, 89);
INSERT INTO sys_role_menu (role_id, menu_id) VALUES (2, 90);
INSERT INTO sys_role_menu (role_id, menu_id) VALUES (2, 91);
INSERT INTO sys_role_menu (role_id, menu_id) VALUES (2, 95);
INSERT INTO sys_role_menu (role_id, menu_id) VALUES (2, 97);
INSERT INTO sys_role_menu (role_id, menu_id) VALUES (2, 102);
INSERT INTO sys_role_menu (role_id, menu_id) VALUES (2, 105);
INSERT INTO sys_role_menu (role_id, menu_id) VALUES (2, 106);
INSERT INTO sys_role_menu (role_id, menu_id) VALUES (2, 107);
INSERT INTO sys_role_menu (role_id, menu_id) VALUES (2, 108);
INSERT INTO sys_role_menu (role_id, menu_id) VALUES (2, 109);
INSERT INTO sys_role_menu (role_id, menu_id) VALUES (2, 110);
INSERT INTO sys_role_menu (role_id, menu_id) VALUES (2, 111);
INSERT INTO sys_role_menu (role_id, menu_id) VALUES (2, 112);
INSERT INTO sys_role_menu (role_id, menu_id) VALUES (2, 114);
INSERT INTO sys_role_menu (role_id, menu_id) VALUES (2, 115);
INSERT INTO sys_role_menu (role_id, menu_id) VALUES (2, 116);
INSERT INTO sys_role_menu (role_id, menu_id) VALUES (2, 117);
INSERT INTO sys_role_menu (role_id, menu_id) VALUES (2, 118);
INSERT INTO sys_role_menu (role_id, menu_id) VALUES (2, 119);
INSERT INTO sys_role_menu (role_id, menu_id) VALUES (2, 120);
INSERT INTO sys_role_menu (role_id, menu_id) VALUES (2, 121);
INSERT INTO sys_role_menu (role_id, menu_id) VALUES (2, 122);
INSERT INTO sys_role_menu (role_id, menu_id) VALUES (2, 123);
INSERT INTO sys_role_menu (role_id, menu_id) VALUES (2, 124);
INSERT INTO sys_role_menu (role_id, menu_id) VALUES (2, 125);
INSERT INTO sys_role_menu (role_id, menu_id) VALUES (2, 126);
INSERT INTO sys_role_menu (role_id, menu_id) VALUES (2, 127);
INSERT INTO sys_role_menu (role_id, menu_id) VALUES (2, 128);
INSERT INTO sys_role_menu (role_id, menu_id) VALUES (2, 129);
INSERT INTO sys_role_menu (role_id, menu_id) VALUES (2, 130);
INSERT INTO sys_role_menu (role_id, menu_id) VALUES (2, 131);
INSERT INTO sys_role_menu (role_id, menu_id) VALUES (2, 132);
INSERT INTO sys_role_menu (role_id, menu_id) VALUES (2, 133);
INSERT INTO sys_role_menu (role_id, menu_id) VALUES (2, 134);
INSERT INTO sys_role_menu (role_id, menu_id) VALUES (2, 135);
INSERT INTO sys_role_menu (role_id, menu_id) VALUES (2, 136);
INSERT INTO sys_role_menu (role_id, menu_id) VALUES (2, 137);
INSERT INTO sys_role_menu (role_id, menu_id) VALUES (2, 138);
INSERT INTO sys_role_menu (role_id, menu_id) VALUES (2, 139);
INSERT INTO sys_role_menu (role_id, menu_id) VALUES (2, 140);
INSERT INTO sys_role_menu (role_id, menu_id) VALUES (2, 141);
INSERT INTO sys_role_menu (role_id, menu_id) VALUES (2, 142);
INSERT INTO sys_role_menu (role_id, menu_id) VALUES (2, 143);
INSERT INTO sys_role_menu (role_id, menu_id) VALUES (2, 144);
INSERT INTO sys_role_menu (role_id, menu_id) VALUES (2, 145);
INSERT INTO sys_role_menu (role_id, menu_id) VALUES (2, 146);
INSERT INTO sys_role_menu (role_id, menu_id) VALUES (2, 147);
INSERT INTO sys_role_menu (role_id, menu_id) VALUES (2, 148);
INSERT INTO sys_role_menu (role_id, menu_id) VALUES (2, 149);
INSERT INTO sys_role_menu (role_id, menu_id) VALUES (2, 150);
INSERT INTO sys_role_menu (role_id, menu_id) VALUES (2, 151);

-- ----------------------------
-- Table structure for sys_user
-- ----------------------------
CREATE TABLE sys_user (
    id NUMBER(19) GENERATED BY DEFAULT AS IDENTITY PRIMARY KEY,
    username VARCHAR2(64),
    nickname VARCHAR2(64),
    gender NUMBER(3) DEFAULT 1,
    password VARCHAR2(100),
    dept_id NUMBER(10),
    avatar VARCHAR2(255),
    mobile VARCHAR2(20),
    status NUMBER(3) DEFAULT 1,
    email VARCHAR2(128),
    create_time TIMESTAMP,
    create_by NUMBER(19),
    update_time TIMESTAMP,
    update_by NUMBER(19),
    is_deleted NUMBER(3) DEFAULT 0,
    openid CHAR(28)
);

CREATE INDEX idx_sys_user_username ON sys_user(username);

COMMENT ON TABLE sys_user IS 'User Information Table';
COMMENT ON COLUMN sys_user.id IS 'Primary Key';
COMMENT ON COLUMN sys_user.username IS 'Username';
COMMENT ON COLUMN sys_user.nickname IS 'Nickname';
COMMENT ON COLUMN sys_user.gender IS 'Gender (1-Male 2-Female 0-Unknown)';
COMMENT ON COLUMN sys_user.password IS 'Password';
COMMENT ON COLUMN sys_user.dept_id IS 'Department ID';
COMMENT ON COLUMN sys_user.avatar IS 'Avatar URL';
COMMENT ON COLUMN sys_user.mobile IS 'Mobile Phone';
COMMENT ON COLUMN sys_user.status IS 'Status (1-Normal 0-Disabled)';
COMMENT ON COLUMN sys_user.email IS 'Email';
COMMENT ON COLUMN sys_user.create_time IS 'Creation Time';
COMMENT ON COLUMN sys_user.create_by IS 'Creator ID';
COMMENT ON COLUMN sys_user.update_time IS 'Modification Time';
COMMENT ON COLUMN sys_user.update_by IS 'Modifier ID';
COMMENT ON COLUMN sys_user.is_deleted IS 'Logical Delete Flag (0-Not Deleted 1-Deleted)';
COMMENT ON COLUMN sys_user.openid IS 'WeChat OpenID';

-- ----------------------------
-- Records of sys_user
-- ----------------------------
INSERT INTO sys_user (id, username, nickname, gender, password, dept_id, avatar, mobile, status, email, create_time, create_by, update_time, update_by, is_deleted, openid) VALUES (1, 'root', 'Youlai Tech', 0, '$2a$10$xVWsNOhHrCxh5UbpCE7/HuJ.PAOKcYAqRxD2CO2nVnJS.IAXkr5aq', NULL, 'https://foruda.gitee.com/images/1723603502796844527/03cdca2a_716974.gif', '18812345677', 1, 'youlaitech@163.com', SYSDATE, NULL, SYSDATE, NULL, 0, NULL);
INSERT INTO sys_user (id, username, nickname, gender, password, dept_id, avatar, mobile, status, email, create_time, create_by, update_time, update_by, is_deleted, openid) VALUES (2, 'admin', 'System Admin', 1, '$2a$10$xVWsNOhHrCxh5UbpCE7/HuJ.PAOKcYAqRxD2CO2nVnJS.IAXkr5aq', 1, 'https://foruda.gitee.com/images/1723603502796844527/03cdca2a_716974.gif', '18812345678', 1, 'youlaitech@163.com', SYSDATE, NULL, SYSDATE, NULL, 0, NULL);
INSERT INTO sys_user (id, username, nickname, gender, password, dept_id, avatar, mobile, status, email, create_time, create_by, update_time, update_by, is_deleted, openid) VALUES (3, 'test', 'Test User', 1, '$2a$10$xVWsNOhHrCxh5UbpCE7/HuJ.PAOKcYAqRxD2CO2nVnJS.IAXkr5aq', 3, 'https://foruda.gitee.com/images/1723603502796844527/03cdca2a_716974.gif', '18812345679', 1, 'youlaitech@163.com', SYSDATE, NULL, SYSDATE, NULL, 0, NULL);

-- ----------------------------
-- Table structure for sys_user_role
-- ----------------------------
CREATE TABLE sys_user_role (
    user_id NUMBER(19) NOT NULL,
    role_id NUMBER(19) NOT NULL,
    CONSTRAINT pk_sys_user_role PRIMARY KEY (user_id, role_id)
);

COMMENT ON TABLE sys_user_role IS 'User Role Relation Table';
COMMENT ON COLUMN sys_user_role.user_id IS 'User ID';
COMMENT ON COLUMN sys_user_role.role_id IS 'Role ID';

-- ----------------------------
-- Records of sys_user_role
-- ----------------------------
INSERT INTO sys_user_role (user_id, role_id) VALUES (1, 1);
INSERT INTO sys_user_role (user_id, role_id) VALUES (2, 2);
INSERT INTO sys_user_role (user_id, role_id) VALUES (3, 3);

-- ----------------------------
-- Table structure for sys_log
-- ----------------------------
CREATE TABLE sys_log (
    id NUMBER(19) GENERATED BY DEFAULT AS IDENTITY PRIMARY KEY,
    module VARCHAR2(50) NOT NULL,
    request_method VARCHAR2(64) NOT NULL,
    request_params CLOB,
    response_content CLOB,
    content VARCHAR2(255) NOT NULL,
    request_uri VARCHAR2(255),
    method VARCHAR2(255),
    ip VARCHAR2(45),
    province VARCHAR2(100),
    city VARCHAR2(100),
    execution_time NUMBER(19),
    browser VARCHAR2(100),
    browser_version VARCHAR2(100),
    os VARCHAR2(100),
    create_by NUMBER(19),
    create_time TIMESTAMP,
    is_deleted NUMBER(3) DEFAULT 0
);

CREATE INDEX idx_sys_log_create_time ON sys_log(create_time);

COMMENT ON TABLE sys_log IS 'System Log Table';
COMMENT ON COLUMN sys_log.id IS 'Primary Key';
COMMENT ON COLUMN sys_log.module IS 'Log Module';
COMMENT ON COLUMN sys_log.request_method IS 'Request Method';
COMMENT ON COLUMN sys_log.request_params IS 'Request Parameters';
COMMENT ON COLUMN sys_log.response_content IS 'Response Content';
COMMENT ON COLUMN sys_log.content IS 'Log Content';
COMMENT ON COLUMN sys_log.request_uri IS 'Request URI';
COMMENT ON COLUMN sys_log.method IS 'Method Name';
COMMENT ON COLUMN sys_log.ip IS 'IP Address';
COMMENT ON COLUMN sys_log.province IS 'Province';
COMMENT ON COLUMN sys_log.city IS 'City';
COMMENT ON COLUMN sys_log.execution_time IS 'Execution Time (ms)';
COMMENT ON COLUMN sys_log.browser IS 'Browser';
COMMENT ON COLUMN sys_log.browser_version IS 'Browser Version';
COMMENT ON COLUMN sys_log.os IS 'Operating System';
COMMENT ON COLUMN sys_log.create_by IS 'Creator ID';
COMMENT ON COLUMN sys_log.create_time IS 'Creation Time';
COMMENT ON COLUMN sys_log.is_deleted IS 'Logical Delete Flag (1-Deleted 0-Not Deleted)';

-- ----------------------------
-- Table structure for gen_config
-- ----------------------------
CREATE TABLE gen_config (
    id NUMBER(19) GENERATED BY DEFAULT AS IDENTITY PRIMARY KEY,
    table_name VARCHAR2(100) NOT NULL,
    module_name VARCHAR2(100),
    package_name VARCHAR2(255) NOT NULL,
    business_name VARCHAR2(100) NOT NULL,
    entity_name VARCHAR2(100) NOT NULL,
    author VARCHAR2(50) NOT NULL,
    parent_menu_id NUMBER(19),
    remove_table_prefix VARCHAR2(20),
    page_type VARCHAR2(20),
    create_time TIMESTAMP,
    update_time TIMESTAMP,
    is_deleted NUMBER(3) DEFAULT 0,
    CONSTRAINT uk_gen_config_tablename UNIQUE (table_name)
);

COMMENT ON TABLE gen_config IS 'Code Generation Config Table';
COMMENT ON COLUMN gen_config.id IS 'Primary Key';
COMMENT ON COLUMN gen_config.table_name IS 'Table Name';
COMMENT ON COLUMN gen_config.module_name IS 'Module Name';
COMMENT ON COLUMN gen_config.package_name IS 'Package Name';
COMMENT ON COLUMN gen_config.business_name IS 'Business Name';
COMMENT ON COLUMN gen_config.entity_name IS 'Entity Class Name';
COMMENT ON COLUMN gen_config.author IS 'Author';
COMMENT ON COLUMN gen_config.parent_menu_id IS 'Parent Menu ID';
COMMENT ON COLUMN gen_config.remove_table_prefix IS 'Table Prefix to Remove';
COMMENT ON COLUMN gen_config.page_type IS 'Page Type (classic|curd)';
COMMENT ON COLUMN gen_config.create_time IS 'Creation Time';
COMMENT ON COLUMN gen_config.update_time IS 'Modification Time';
COMMENT ON COLUMN gen_config.is_deleted IS 'Delete Flag';

-- ----------------------------
-- Table structure for gen_field_config
-- ----------------------------
CREATE TABLE gen_field_config (
    id NUMBER(19) GENERATED BY DEFAULT AS IDENTITY PRIMARY KEY,
    config_id NUMBER(19) NOT NULL,
    column_name VARCHAR2(100),
    column_type VARCHAR2(50),
    column_length NUMBER(10),
    field_name VARCHAR2(100) NOT NULL,
    field_type VARCHAR2(100),
    field_sort NUMBER(10),
    field_comment VARCHAR2(255),
    max_length NUMBER(10),
    is_required NUMBER(3),
    is_show_in_list NUMBER(3) DEFAULT 0,
    is_show_in_form NUMBER(3) DEFAULT 0,
    is_show_in_query NUMBER(3) DEFAULT 0,
    query_type NUMBER(3),
    form_type NUMBER(3),
    dict_type VARCHAR2(50),
    create_time TIMESTAMP,
    update_time TIMESTAMP
);

CREATE INDEX idx_gen_field_config_id ON gen_field_config(config_id);

COMMENT ON TABLE gen_field_config IS 'Code Generation Field Config Table';
COMMENT ON COLUMN gen_field_config.id IS 'Primary Key';
COMMENT ON COLUMN gen_field_config.config_id IS 'Related Config ID';
COMMENT ON COLUMN gen_field_config.column_name IS 'Column Name';
COMMENT ON COLUMN gen_field_config.column_type IS 'Column Type';
COMMENT ON COLUMN gen_field_config.column_length IS 'Column Length';
COMMENT ON COLUMN gen_field_config.field_name IS 'Field Name';
COMMENT ON COLUMN gen_field_config.field_type IS 'Field Type';
COMMENT ON COLUMN gen_field_config.field_sort IS 'Field Sort';
COMMENT ON COLUMN gen_field_config.field_comment IS 'Field Comment';
COMMENT ON COLUMN gen_field_config.max_length IS 'Max Length';
COMMENT ON COLUMN gen_field_config.is_required IS 'Is Required';
COMMENT ON COLUMN gen_field_config.is_show_in_list IS 'Show in List';
COMMENT ON COLUMN gen_field_config.is_show_in_form IS 'Show in Form';
COMMENT ON COLUMN gen_field_config.is_show_in_query IS 'Show in Query';
COMMENT ON COLUMN gen_field_config.query_type IS 'Query Type';
COMMENT ON COLUMN gen_field_config.form_type IS 'Form Type';
COMMENT ON COLUMN gen_field_config.dict_type IS 'Dictionary Type';
COMMENT ON COLUMN gen_field_config.create_time IS 'Creation Time';
COMMENT ON COLUMN gen_field_config.update_time IS 'Modification Time';

-- ----------------------------
-- Table structure for sys_config
-- ----------------------------
CREATE TABLE sys_config (
    id NUMBER(19) GENERATED BY DEFAULT AS IDENTITY PRIMARY KEY,
    config_name VARCHAR2(50) NOT NULL,
    config_key VARCHAR2(50) NOT NULL,
    config_value VARCHAR2(100) NOT NULL,
    remark VARCHAR2(255),
    create_time TIMESTAMP,
    create_by NUMBER(19),
    update_time TIMESTAMP,
    update_by NUMBER(19),
    is_deleted NUMBER(3) DEFAULT 0 NOT NULL
);

COMMENT ON TABLE sys_config IS 'System Config Table';
COMMENT ON COLUMN sys_config.id IS 'Primary Key';
COMMENT ON COLUMN sys_config.config_name IS 'Config Name';
COMMENT ON COLUMN sys_config.config_key IS 'Config Key';
COMMENT ON COLUMN sys_config.config_value IS 'Config Value';
COMMENT ON COLUMN sys_config.remark IS 'Remark';
COMMENT ON COLUMN sys_config.create_time IS 'Creation Time';
COMMENT ON COLUMN sys_config.create_by IS 'Creator ID';
COMMENT ON COLUMN sys_config.update_time IS 'Modification Time';
COMMENT ON COLUMN sys_config.update_by IS 'Modifier ID';
COMMENT ON COLUMN sys_config.is_deleted IS 'Logical Delete Flag (0-Not Deleted 1-Deleted)';

-- ----------------------------
-- Records of sys_config
-- ----------------------------
INSERT INTO sys_config (id, config_name, config_key, config_value, remark, create_time, create_by, update_time, update_by, is_deleted) VALUES (1, 'System QPS Limit', 'IP_QPS_THRESHOLD_LIMIT', '10', 'Single IP Max QPS Threshold Key', SYSDATE, 1, NULL, NULL, 0);

-- ----------------------------
-- Table structure for sys_notice
-- ----------------------------
CREATE TABLE sys_notice (
    id NUMBER(19) GENERATED BY DEFAULT AS IDENTITY PRIMARY KEY,
    title VARCHAR2(500),
    content CLOB,
    type NUMBER(3) NOT NULL,
    level VARCHAR2(5) NOT NULL,
    target_type NUMBER(3) NOT NULL,
    target_user_ids VARCHAR2(255),
    publisher_id NUMBER(19),
    publish_status NUMBER(3) DEFAULT 0,
    publish_time TIMESTAMP,
    revoke_time TIMESTAMP,
    create_by NUMBER(19) NOT NULL,
    create_time TIMESTAMP NOT NULL,
    update_by NUMBER(19),
    update_time TIMESTAMP,
    is_deleted NUMBER(3) DEFAULT 0
);

COMMENT ON TABLE sys_notice IS 'Notice Table';
COMMENT ON COLUMN sys_notice.id IS 'Primary Key';
COMMENT ON COLUMN sys_notice.title IS 'Notice Title';
COMMENT ON COLUMN sys_notice.content IS 'Notice Content';
COMMENT ON COLUMN sys_notice.type IS 'Notice Type (Dict: notice_type)';
COMMENT ON COLUMN sys_notice.level IS 'Notice Level (Dict: notice_level)';
COMMENT ON COLUMN sys_notice.target_type IS 'Target Type (1-All 2-Specified)';
COMMENT ON COLUMN sys_notice.target_user_ids IS 'Target User IDs (Comma Separated)';
COMMENT ON COLUMN sys_notice.publisher_id IS 'Publisher ID';
COMMENT ON COLUMN sys_notice.publish_status IS 'Publish Status (0-Unpublished 1-Published -1-Revoked)';
COMMENT ON COLUMN sys_notice.publish_time IS 'Publish Time';
COMMENT ON COLUMN sys_notice.revoke_time IS 'Revoke Time';
COMMENT ON COLUMN sys_notice.create_by IS 'Creator ID';
COMMENT ON COLUMN sys_notice.create_time IS 'Creation Time';
COMMENT ON COLUMN sys_notice.update_by IS 'Modifier ID';
COMMENT ON COLUMN sys_notice.update_time IS 'Modification Time';
COMMENT ON COLUMN sys_notice.is_deleted IS 'Delete Flag (0-Not Deleted 1-Deleted)';

-- ----------------------------
-- Records of sys_notice
-- ----------------------------
INSERT INTO sys_notice (id, title, content, type, level, target_type, target_user_ids, publisher_id, publish_status, publish_time, revoke_time, create_by, create_time, update_by, update_time, is_deleted) VALUES (1, 'v2.12.0 System log, access trend statistics feature added.', '<p>1. Message notification</p><p>2. Dictionary refactoring</p><p>3. Code generation</p>', 1, 'L', 1, '2', 1, 1, SYSDATE, SYSDATE, 2, SYSDATE, 1, SYSDATE, 0);
INSERT INTO sys_notice (id, title, content, type, level, target_type, target_user_ids, publisher_id, publish_status, publish_time, revoke_time, create_by, create_time, update_by, update_time, is_deleted) VALUES (2, 'v2.13.0 Menu search added.', '<p>1. Message notification</p><p>2. Dictionary refactoring</p><p>3. Code generation</p>', 1, 'L', 1, '2', 1, 1, SYSDATE, SYSDATE, 2, SYSDATE, 1, SYSDATE, 0);
INSERT INTO sys_notice (id, title, content, type, level, target_type, target_user_ids, publisher_id, publish_status, publish_time, revoke_time, create_by, create_time, update_by, update_time, is_deleted) VALUES (3, 'v2.14.0 Personal center added.', '<p>1. Message notification</p><p>2. Dictionary refactoring</p><p>3. Code generation</p>', 1, 'L', 1, '2', 2, 1, SYSDATE, SYSDATE, 2, SYSDATE, 2, SYSDATE, 0);
INSERT INTO sys_notice (id, title, content, type, level, target_type, target_user_ids, publisher_id, publish_status, publish_time, revoke_time, create_by, create_time, update_by, update_time, is_deleted) VALUES (4, 'v2.15.0 Login page redesign.', '<p>1. Message notification</p><p>2. Dictionary refactoring</p><p>3. Code generation</p>', 1, 'L', 1, '2', 2, 1, SYSDATE, SYSDATE, 2, SYSDATE, 2, SYSDATE, 0);
INSERT INTO sys_notice (id, title, content, type, level, target_type, target_user_ids, publisher_id, publish_status, publish_time, revoke_time, create_by, create_time, update_by, update_time, is_deleted) VALUES (5, 'v2.16.0 Notice, dictionary translation component.', '<p>1. Message notification</p><p>2. Dictionary refactoring</p><p>3. Code generation</p>', 1, 'L', 1, '2', 2, 1, SYSDATE, SYSDATE, 2, SYSDATE, 2, SYSDATE, 0);
INSERT INTO sys_notice (id, title, content, type, level, target_type, target_user_ids, publisher_id, publish_status, publish_time, revoke_time, create_by, create_time, update_by, update_time, is_deleted) VALUES (6, 'System maintenance scheduled for Saturday 2AM, estimated 2 hours.', '<p>1. Message notification</p><p>2. Dictionary refactoring</p><p>3. Code generation</p>', 2, 'H', 1, '2', 2, 1, SYSDATE, SYSDATE, 2, SYSDATE, 2, SYSDATE, 0);
INSERT INTO sys_notice (id, title, content, type, level, target_type, target_user_ids, publisher_id, publish_status, publish_time, revoke_time, create_by, create_time, update_by, update_time, is_deleted) VALUES (7, 'Phishing emails detected, do not click unknown links.', '<p>1. Message notification</p><p>2. Dictionary refactoring</p><p>3. Code generation</p>', 3, 'L', 1, '2', 2, 1, SYSDATE, SYSDATE, 2, SYSDATE, 2, SYSDATE, 0);
INSERT INTO sys_notice (id, title, content, type, level, target_type, target_user_ids, publisher_id, publish_status, publish_time, revoke_time, create_by, create_time, update_by, update_time, is_deleted) VALUES (8, 'National Day holiday from Oct 1 to Oct 7.', '<p>1. Message notification</p><p>2. Dictionary refactoring</p><p>3. Code generation</p>', 4, 'L', 1, '2', 2, 1, SYSDATE, SYSDATE, 2, SYSDATE, 2, SYSDATE, 0);
INSERT INTO sys_notice (id, title, content, type, level, target_type, target_user_ids, publisher_id, publish_status, publish_time, revoke_time, create_by, create_time, update_by, update_time, is_deleted) VALUES (9, 'Company new product launch on Oct 15. Stay tuned!', 'Company new product launch on Oct 15. Stay tuned!', 5, 'H', 1, '2', 2, 1, SYSDATE, SYSDATE, 2, SYSDATE, 2, SYSDATE, 0);
INSERT INTO sys_notice (id, title, content, type, level, target_type, target_user_ids, publisher_id, publish_status, publish_time, revoke_time, create_by, create_time, update_by, update_time, is_deleted) VALUES (10, 'v2.16.1 Released.', 'v2.16.1 fixes WebSocket duplicate connection causing backend thread blocking, and optimizes notices.', 1, 'M', 1, '2', 2, 1, SYSDATE, SYSDATE, 2, SYSDATE, 2, SYSDATE, 0);

-- ----------------------------
-- Table structure for sys_user_notice
-- ----------------------------
CREATE TABLE sys_user_notice (
    id NUMBER(19) GENERATED BY DEFAULT AS IDENTITY PRIMARY KEY,
    notice_id NUMBER(19) NOT NULL,
    user_id NUMBER(19) NOT NULL,
    is_read NUMBER(19) DEFAULT 0,
    read_time TIMESTAMP,
    create_time TIMESTAMP NOT NULL,
    update_time TIMESTAMP,
    is_deleted NUMBER(3) DEFAULT 0
);

COMMENT ON TABLE sys_user_notice IS 'User Notice Table';
COMMENT ON COLUMN sys_user_notice.id IS 'Primary Key';
COMMENT ON COLUMN sys_user_notice.notice_id IS 'Notice ID';
COMMENT ON COLUMN sys_user_notice.user_id IS 'User ID';
COMMENT ON COLUMN sys_user_notice.is_read IS 'Read Status (0-Unread 1-Read)';
COMMENT ON COLUMN sys_user_notice.read_time IS 'Read Time';
COMMENT ON COLUMN sys_user_notice.create_time IS 'Creation Time';
COMMENT ON COLUMN sys_user_notice.update_time IS 'Modification Time';
COMMENT ON COLUMN sys_user_notice.is_deleted IS 'Logical Delete (0-Not Deleted 1-Deleted)';

-- ----------------------------
-- Records of sys_user_notice
-- ----------------------------
INSERT INTO sys_user_notice (id, notice_id, user_id, is_read, read_time, create_time, update_time, is_deleted) VALUES (1, 1, 2, 1, NULL, SYSDATE, SYSDATE, 0);
INSERT INTO sys_user_notice (id, notice_id, user_id, is_read, read_time, create_time, update_time, is_deleted) VALUES (2, 2, 2, 1, NULL, SYSDATE, SYSDATE, 0);
INSERT INTO sys_user_notice (id, notice_id, user_id, is_read, read_time, create_time, update_time, is_deleted) VALUES (3, 3, 2, 1, NULL, SYSDATE, SYSDATE, 0);
INSERT INTO sys_user_notice (id, notice_id, user_id, is_read, read_time, create_time, update_time, is_deleted) VALUES (4, 4, 2, 1, NULL, SYSDATE, SYSDATE, 0);
INSERT INTO sys_user_notice (id, notice_id, user_id, is_read, read_time, create_time, update_time, is_deleted) VALUES (5, 5, 2, 1, NULL, SYSDATE, SYSDATE, 0);
INSERT INTO sys_user_notice (id, notice_id, user_id, is_read, read_time, create_time, update_time, is_deleted) VALUES (6, 6, 2, 1, NULL, SYSDATE, SYSDATE, 0);
INSERT INTO sys_user_notice (id, notice_id, user_id, is_read, read_time, create_time, update_time, is_deleted) VALUES (7, 7, 2, 1, NULL, SYSDATE, SYSDATE, 0);
INSERT INTO sys_user_notice (id, notice_id, user_id, is_read, read_time, create_time, update_time, is_deleted) VALUES (8, 8, 2, 1, NULL, SYSDATE, SYSDATE, 0);
INSERT INTO sys_user_notice (id, notice_id, user_id, is_read, read_time, create_time, update_time, is_deleted) VALUES (9, 9, 2, 1, NULL, SYSDATE, SYSDATE, 0);
INSERT INTO sys_user_notice (id, notice_id, user_id, is_read, read_time, create_time, update_time, is_deleted) VALUES (10, 10, 2, 1, NULL, SYSDATE, SYSDATE, 0);

-- ----------------------------
-- Table structure for ai_command_record
-- ----------------------------
CREATE TABLE ai_command_record (
    id NUMBER(19) GENERATED BY DEFAULT AS IDENTITY PRIMARY KEY,
    user_id NUMBER(19),
    username VARCHAR2(64),
    original_command CLOB,
    provider VARCHAR2(32),
    model VARCHAR2(64),
    parse_success NUMBER(3),
    function_calls CLOB,
    explanation VARCHAR2(500),
    confidence NUMBER(3,2),
    parse_error_message CLOB,
    input_tokens NUMBER(10),
    output_tokens NUMBER(10),
    total_tokens NUMBER(10),
    parse_time NUMBER(19),
    function_name VARCHAR2(255),
    function_arguments CLOB,
    execute_status VARCHAR2(20),
    execute_result CLOB,
    execute_error_message CLOB,
    affected_rows NUMBER(10),
    is_dangerous NUMBER(3) DEFAULT 0,
    requires_confirmation NUMBER(3) DEFAULT 0,
    user_confirmed NUMBER(3),
    idempotency_key VARCHAR2(128),
    execution_time NUMBER(19),
    ip_address VARCHAR2(128),
    user_agent VARCHAR2(512),
    current_route VARCHAR2(255),
    create_time TIMESTAMP DEFAULT SYSDATE,
    update_time TIMESTAMP,
    remark VARCHAR2(500),
    CONSTRAINT uk_ai_cmd_idempotency UNIQUE (idempotency_key)
);

CREATE INDEX idx_ai_cmd_user_id ON ai_command_record(user_id);
CREATE INDEX idx_ai_cmd_create_time ON ai_command_record(create_time);
CREATE INDEX idx_ai_cmd_provider ON ai_command_record(provider);
CREATE INDEX idx_ai_cmd_model ON ai_command_record(model);
CREATE INDEX idx_ai_cmd_parse_success ON ai_command_record(parse_success);
CREATE INDEX idx_ai_cmd_execute_status ON ai_command_record(execute_status);
CREATE INDEX idx_ai_cmd_is_dangerous ON ai_command_record(is_dangerous);

COMMENT ON TABLE ai_command_record IS 'AI Command Record Table';
COMMENT ON COLUMN ai_command_record.id IS 'Primary Key ID';
COMMENT ON COLUMN ai_command_record.user_id IS 'User ID';
COMMENT ON COLUMN ai_command_record.username IS 'Username';
COMMENT ON COLUMN ai_command_record.original_command IS 'Original Command';
COMMENT ON COLUMN ai_command_record.provider IS 'AI Provider (qwen/openai/deepseek/gemini etc)';
COMMENT ON COLUMN ai_command_record.model IS 'AI Model (qwen-plus/qwen-max/gpt-4-turbo etc)';
COMMENT ON COLUMN ai_command_record.parse_success IS 'Parse Success (0-Failed 1-Success)';
COMMENT ON COLUMN ai_command_record.function_calls IS 'Parsed Function Calls (JSON)';
COMMENT ON COLUMN ai_command_record.explanation IS 'AI Understanding Explanation';
COMMENT ON COLUMN ai_command_record.confidence IS 'Confidence (0.00-1.00)';
COMMENT ON COLUMN ai_command_record.parse_error_message IS 'Parse Error Message';
COMMENT ON COLUMN ai_command_record.input_tokens IS 'Input Token Count';
COMMENT ON COLUMN ai_command_record.output_tokens IS 'Output Token Count';
COMMENT ON COLUMN ai_command_record.total_tokens IS 'Total Token Count';
COMMENT ON COLUMN ai_command_record.parse_time IS 'Parse Time (ms)';
COMMENT ON COLUMN ai_command_record.function_name IS 'Executed Function Name';
COMMENT ON COLUMN ai_command_record.function_arguments IS 'Function Arguments (JSON)';
COMMENT ON COLUMN ai_command_record.execute_status IS 'Execute Status (pending/success/failed)';
COMMENT ON COLUMN ai_command_record.execute_result IS 'Execute Result (JSON)';
COMMENT ON COLUMN ai_command_record.execute_error_message IS 'Execute Error Message';
COMMENT ON COLUMN ai_command_record.affected_rows IS 'Affected Row Count';
COMMENT ON COLUMN ai_command_record.is_dangerous IS 'Is Dangerous Operation (0-No 1-Yes)';
COMMENT ON COLUMN ai_command_record.requires_confirmation IS 'Requires Confirmation (0-No 1-Yes)';
COMMENT ON COLUMN ai_command_record.user_confirmed IS 'User Confirmed (0-No 1-Yes)';
COMMENT ON COLUMN ai_command_record.idempotency_key IS 'Idempotency Token';
COMMENT ON COLUMN ai_command_record.execution_time IS 'Execution Time (ms)';
COMMENT ON COLUMN ai_command_record.ip_address IS 'IP Address';
COMMENT ON COLUMN ai_command_record.user_agent IS 'User Agent';
COMMENT ON COLUMN ai_command_record.current_route IS 'Current Page Route';
COMMENT ON COLUMN ai_command_record.create_time IS 'Creation Time';
COMMENT ON COLUMN ai_command_record.update_time IS 'Modification Time';
COMMENT ON COLUMN ai_command_record.remark IS 'Remark';

-- ----------------------------
-- Create trigger for update_time auto-update
-- ----------------------------
CREATE OR REPLACE TRIGGER trg_ai_cmd_update_time
BEFORE UPDATE ON ai_command_record
FOR EACH ROW
BEGIN
    :NEW.update_time := SYSDATE;
END;
/

COMMIT;
